﻿<?xml version="1.0" encoding="utf-8" standalone="no"?>
<!DOCTYPE dotfuscator SYSTEM "http://www.preemptive.com/dotfuscator/dtd/dotfuscator_v2.3.dtd">
<dotfuscator version="2.3">
  <!--This is application generated code. Do not edit manually.-->
  <input>
    <asmlist>
      <inputassembly refid="a4844b9e-9361-45b7-b928-b6f42034337d">
        <option>honoroas</option>
        <option>stripoa</option>
        <option>library</option>
        <option>transformxaml</option>
        <file dir="C:\Users\aheumann\AppData\Roaming\Grasshopper\Libraries\HumanUI" name="HumanUI.gha" />
      </inputassembly>
      <inputassembly refid="41c303a3-e816-4f0f-8c79-39b29b53d4ee">
        <option>honoroas</option>
        <option>stripoa</option>
        <option>library</option>
        <option>transformxaml</option>
        <file dir="C:\Users\aheumann\AppData\Roaming\Grasshopper\Libraries\HumanUI" name="HumanUIBaseApp.dll" />
      </inputassembly>
    </asmlist>
  </input>
  <output>
    <file dir="${configdir}\Dotfuscated" />
  </output>
  <renaming>
    <option>xmlserialization</option>
    <mapping>
      <mapoutput overwrite="false">
        <file dir="${configdir}\Dotfuscated" name="Map.xml" />
      </mapoutput>
    </mapping>
    <referencerulelist>
      <referencerule rulekey="{494EA3BA-B947-44B5-BEE8-A11CC85AAF9B}" />
      <referencerule rulekey="{229FD6F8-5BCC-427b-8F72-A7A413ECDF1A}" />
      <referencerule rulekey="{89769974-93E9-4e71-8D92-BE70E855ACFC}" />
      <referencerule rulekey="{7D9C8B02-2383-420f-8740-A9760394C2C1}" />
      <referencerule rulekey="{2B7E7C8C-A39A-4db8-9DFC-6AFD38509061}" />
      <referencerule rulekey="{6655B10A-FD58-462d-8D4F-5B1316DFF0FF}" />
      <referencerule rulekey="{4D81E604-A545-4631-8B6D-C3735F793F80}" />
    </referencerulelist>
  </renaming>
  <sos mergeruntime="true">
    <option>sendanalytics</option>
    <option>dontsendtamper</option>
  </sos>
  <smartobfuscation>
    <smartobfuscationreport verbosity="all" overwrite="false" />
  </smartobfuscation>
</dotfuscator>